sku_id,hs_code,supply_origin_country,description,hhi,hhi_risk_band,dominant_partner,dominant_share,geo_conc_flag
SKU0000,870899,CAN,Vehicle parts and accessories n.e.c.,3832,High,CHN,47.47,1
SKU0001,870899,CAN,Vehicle parts and accessories n.e.c.,3832,High,CHN,47.47,1
SKU0002,870899,CAN,Vehicle parts and accessories n.e.c.,3832,High,CHN,47.47,1
SKU0003,870899,CAN,Vehicle parts and accessories n.e.c.,3832,High,CHN,47.47,1
SKU0004,870899,CAN,Vehicle parts and accessories n.e.c.,3832,High,CHN,47.47,1
SKU0005,870899,CAN,Vehicle parts and accessories n.e.c.,3832,High,CHN,47.47,1
SKU0006,870899,CAN,Vehicle parts and accessories n.e.c.,3832,High,CHN,47.47,1
SKU0007,870899,CAN,Vehicle parts and accessories n.e.c.,3832,High,CHN,47.47,1
SKU0008,870899,CAN,Vehicle parts and accessories n.e.c.,3832,High,CHN,47.47,1
SKU0009,870899,CAN,Vehicle parts and accessories n.e.c.,3832,High,CHN,47.47,1
SKU0010,870899,CAN,Vehicle parts and accessories n.e.c.,3832,High,CHN,47.47,1
SKU0011,870899,CAN,Vehicle parts and accessories n.e.c.,3832,High,CHN,47.47,1
SKU0012,870899,CAN,Vehicle parts and accessories n.e.c.,3832,High,CHN,47.47,1
SKU0013,870899,CAN,Vehicle parts and accessories n.e.c.,3832,High,CHN,47.47,1
SKU0014,870899,CAN,Vehicle parts and accessories n.e.c.,3832,High,CHN,47.47,1
SKU0015,870899,CAN,Vehicle parts and accessories n.e.c.,3832,High,CHN,47.47,1
SKU0016,870899,CAN,Vehicle parts and accessories n.e.c.,3832,High,CHN,47.47,1
SKU0017,870899,CAN,Vehicle parts and accessories n.e.c.,3832,High,CHN,47.47,1
SKU0018,870899,CAN,Vehicle parts and accessories n.e.c.,3832,High,CHN,47.47,1
SKU0019,870899,CAN,Vehicle parts and accessories n.e.c.,3832,High,CHN,47.47,1
SKU0020,870899,CAN,Vehicle parts and accessories n.e.c.,3832,High,CHN,47.47,1
SKU0021,870899,CAN,Vehicle parts and accessories n.e.c.,3832,High,CHN,47.47,1
SKU0022,870899,CAN,Vehicle parts and accessories n.e.c.,3832,High,CHN,47.47,1
SKU0023,870899,CAN,Vehicle parts and accessories n.e.c.,3832,High,CHN,47.47,1
SKU0024,870899,CAN,Vehicle parts and accessories n.e.c.,3832,High,CHN,47.47,1
SKU0025,870899,CAN,Vehicle parts and accessories n.e.c.,3832,High,CHN,47.47,1
SKU0026,870899,CAN,Vehicle parts and accessories n.e.c.,3832,High,CHN,47.47,1
SKU0027,870899,CAN,Vehicle parts and accessories n.e.c.,3832,High,CHN,47.47,1
SKU0028,870899,CAN,Vehicle parts and accessories n.e.c.,3832,High,CHN,47.47,1
SKU0029,870899,CAN,Vehicle parts and accessories n.e.c.,3832,High,CHN,47.47,1
SKU0030,870899,CAN,Vehicle parts and accessories n.e.c.,3832,High,CHN,47.47,1
SKU0031,870899,CAN,Vehicle parts and accessories n.e.c.,3832,High,CHN,47.47,1
SKU0032,870899,CAN,Vehicle parts and accessories n.e.c.,3832,High,CHN,47.47,1
SKU0033,870899,CAN,Vehicle parts and accessories n.e.c.,3832,High,CHN,47.47,1
SKU0034,870899,CAN,Vehicle parts and accessories n.e.c.,3832,High,CHN,47.47,1
SKU0035,870899,CAN,Vehicle parts and accessories n.e.c.,3832,High,CHN,47.47,1
SKU0036,870899,CAN,Vehicle parts and accessories n.e.c.,3832,High,CHN,47.47,1
SKU0037,870899,CAN,Vehicle parts and accessories n.e.c.,3832,High,CHN,47.47,1
SKU0038,870899,CAN,Vehicle parts and accessories n.e.c.,3832,High,CHN,47.47,1
SKU0039,870899,CAN,Vehicle parts and accessories n.e.c.,3832,High,CHN,47.47,1
SKU0040,870899,CAN,Vehicle parts and accessories n.e.c.,3832,High,CHN,47.47,1
SKU0041,870899,CAN,Vehicle parts and accessories n.e.c.,3832,High,CHN,47.47,1
SKU0042,870899,CAN,Vehicle parts and accessories n.e.c.,3832,High,CHN,47.47,1
SKU0043,870899,CAN,Vehicle parts and accessories n.e.c.,3832,High,CHN,47.47,1
SKU0044,870899,CAN,Vehicle parts and accessories n.e.c.,3832,High,CHN,47.47,1
SKU0045,870899,CAN,Vehicle parts and accessories n.e.c.,3832,High,CHN,47.47,1
SKU0046,870899,CAN,Vehicle parts and accessories n.e.c.,3832,High,CHN,47.47,1
SKU0047,870899,CAN,Vehicle parts and accessories n.e.c.,3832,High,CHN,47.47,1
SKU0048,870899,CAN,Vehicle parts and accessories n.e.c.,3832,High,CHN,47.47,1
SKU0049,870899,CAN,Vehicle parts and accessories n.e.c.,3832,High,CHN,47.47,1
SKU0050,870899,CAN,Vehicle parts and accessories n.e.c.,3832,High,CHN,47.47,1
SKU0051,870899,CAN,Vehicle parts and accessories n.e.c.,3832,High,CHN,47.47,1
SKU0052,870899,CAN,Vehicle parts and accessories n.e.c.,3832,High,CHN,47.47,1
SKU0053,870899,CAN,Vehicle parts and accessories n.e.c.,3832,High,CHN,47.47,1
SKU0054,870899,CAN,Vehicle parts and accessories n.e.c.,3832,High,CHN,47.47,1
SKU0055,870899,CAN,Vehicle parts and accessories n.e.c.,3832,High,CHN,47.47,1
SKU0056,870899,CAN,Vehicle parts and accessories n.e.c.,3832,High,CHN,47.47,1
SKU0057,870899,CAN,Vehicle parts and accessories n.e.c.,3832,High,CHN,47.47,1
SKU0058,870899,CAN,Vehicle parts and accessories n.e.c.,3832,High,CHN,47.47,1
SKU0059,870899,CAN,Vehicle parts and accessories n.e.c.,3832,High,CHN,47.47,1
SKU0060,870899,CAN,Vehicle parts and accessories n.e.c.,3832,High,CHN,47.47,1
SKU0061,870899,CAN,Vehicle parts and accessories n.e.c.,3832,High,CHN,47.47,1
SKU0062,870899,CAN,Vehicle parts and accessories n.e.c.,3832,High,CHN,47.47,1
SKU0063,870899,CAN,Vehicle parts and accessories n.e.c.,3832,High,CHN,47.47,1
SKU0064,870899,CAN,Vehicle parts and accessories n.e.c.,3832,High,CHN,47.47,1
SKU0065,870899,CAN,Vehicle parts and accessories n.e.c.,3832,High,CHN,47.47,1
SKU0066,870899,CAN,Vehicle parts and accessories n.e.c.,3832,High,CHN,47.47,1
SKU0067,870899,CAN,Vehicle parts and accessories n.e.c.,3832,High,CHN,47.47,1
SKU0068,870899,CAN,Vehicle parts and accessories n.e.c.,3832,High,CHN,47.47,1
SKU0069,870899,CAN,Vehicle parts and accessories n.e.c.,3832,High,CHN,47.47,1
SKU0070,870899,CAN,Vehicle parts and accessories n.e.c.,3832,High,CHN,47.47,1
SKU0071,870899,CAN,Vehicle parts and accessories n.e.c.,3832,High,CHN,47.47,1
SKU0072,870899,CAN,Vehicle parts and accessories n.e.c.,3832,High,CHN,47.47,1
SKU0073,870899,CAN,Vehicle parts and accessories n.e.c.,3832,High,CHN,47.47,1
SKU0074,870899,CAN,Vehicle parts and accessories n.e.c.,3832,High,CHN,47.47,1
SKU0075,870899,CAN,Vehicle parts and accessories n.e.c.,3832,High,CHN,47.47,1
SKU0076,870899,CAN,Vehicle parts and accessories n.e.c.,3832,High,CHN,47.47,1
SKU0077,870899,CAN,Vehicle parts and accessories n.e.c.,3832,High,CHN,47.47,1
SKU0078,870899,CAN,Vehicle parts and accessories n.e.c.,3832,High,CHN,47.47,1
SKU0079,870899,CAN,Vehicle parts and accessories n.e.c.,3832,High,CHN,47.47,1
SKU0080,870899,CAN,Vehicle parts and accessories n.e.c.,3832,High,CHN,47.47,1
SKU0081,870899,CAN,Vehicle parts and accessories n.e.c.,3832,High,CHN,47.47,1
SKU0082,870899,CAN,Vehicle parts and accessories n.e.c.,3832,High,CHN,47.47,1
SKU0083,870899,CAN,Vehicle parts and accessories n.e.c.,3832,High,CHN,47.47,1
SKU0084,870899,CAN,Vehicle parts and accessories n.e.c.,3832,High,CHN,47.47,1
SKU0085,870899,CAN,Vehicle parts and accessories n.e.c.,3832,High,CHN,47.47,1
SKU0086,870899,CAN,Vehicle parts and accessories n.e.c.,3832,High,CHN,47.47,1
SKU0087,870899,CAN,Vehicle parts and accessories n.e.c.,3832,High,CHN,47.47,1
SKU0088,870899,CAN,Vehicle parts and accessories n.e.c.,3832,High,CHN,47.47,1
SKU0089,870899,CAN,Vehicle parts and accessories n.e.c.,3832,High,CHN,47.47,1
SKU0090,870899,CAN,Vehicle parts and accessories n.e.c.,3832,High,CHN,47.47,1
SKU0091,870899,CAN,Vehicle parts and accessories n.e.c.,3832,High,CHN,47.47,1
SKU0092,870899,CAN,Vehicle parts and accessories n.e.c.,3832,High,CHN,47.47,1
SKU0093,870899,CAN,Vehicle parts and accessories n.e.c.,3832,High,CHN,47.47,1
SKU0094,870899,CAN,Vehicle parts and accessories n.e.c.,3832,High,CHN,47.47,1
SKU0095,870899,CAN,Vehicle parts and accessories n.e.c.,3832,High,CHN,47.47,1
SKU0096,870899,CAN,Vehicle parts and accessories n.e.c.,3832,High,CHN,47.47,1
SKU0097,870899,CAN,Vehicle parts and accessories n.e.c.,3832,High,CHN,47.47,1
SKU0098,870899,CAN,Vehicle parts and accessories n.e.c.,3832,High,CHN,47.47,1
SKU0099,870899,CAN,Vehicle parts and accessories n.e.c.,3832,High,CHN,47.47,1
SKU0100,870899,CAN,Vehicle parts and accessories n.e.c.,3832,High,CHN,47.47,1
SKU0101,870899,CAN,Vehicle parts and accessories n.e.c.,3832,High,CHN,47.47,1
SKU0102,870899,CAN,Vehicle parts and accessories n.e.c.,3832,High,CHN,47.47,1
SKU0103,870899,CAN,Vehicle parts and accessories n.e.c.,3832,High,CHN,47.47,1
SKU0104,870899,CAN,Vehicle parts and accessories n.e.c.,3832,High,CHN,47.47,1
SKU0105,870899,CAN,Vehicle parts and accessories n.e.c.,3832,High,CHN,47.47,1
SKU0106,870899,CAN,Vehicle parts and accessories n.e.c.,3832,High,CHN,47.47,1
SKU0107,870899,CAN,Vehicle parts and accessories n.e.c.,3832,High,CHN,47.47,1
SKU0108,870899,CAN,Vehicle parts and accessories n.e.c.,3832,High,CHN,47.47,1
SKU0109,870899,CAN,Vehicle parts and accessories n.e.c.,3832,High,CHN,47.47,1
SKU0110,870899,CAN,Vehicle parts and accessories n.e.c.,3832,High,CHN,47.47,1
SKU0111,870899,CAN,Vehicle parts and accessories n.e.c.,3832,High,CHN,47.47,1
SKU0112,870899,CAN,Vehicle parts and accessories n.e.c.,3832,High,CHN,47.47,1
SKU0113,870899,CAN,Vehicle parts and accessories n.e.c.,3832,High,CHN,47.47,1
SKU0114,870899,CAN,Vehicle parts and accessories n.e.c.,3832,High,CHN,47.47,1
SKU0115,870899,CAN,Vehicle parts and accessories n.e.c.,3832,High,CHN,47.47,1
SKU0116,870899,CAN,Vehicle parts and accessories n.e.c.,3832,High,CHN,47.47,1
SKU0117,870899,CAN,Vehicle parts and accessories n.e.c.,3832,High,CHN,47.47,1
SKU0118,870899,CAN,Vehicle parts and accessories n.e.c.,3832,High,CHN,47.47,1
SKU0119,870899,CAN,Vehicle parts and accessories n.e.c.,3832,High,CHN,47.47,1
SKU0120,870899,CAN,Vehicle parts and accessories n.e.c.,3832,High,CHN,47.47,1
SKU0121,870899,CAN,Vehicle parts and accessories n.e.c.,3832,High,CHN,47.47,1
SKU0122,870899,CAN,Vehicle parts and accessories n.e.c.,3832,High,CHN,47.47,1
SKU0123,870899,CAN,Vehicle parts and accessories n.e.c.,3832,High,CHN,47.47,1
SKU0124,870899,CAN,Vehicle parts and accessories n.e.c.,3832,High,CHN,47.47,1
SKU0125,870899,CAN,Vehicle parts and accessories n.e.c.,3832,High,CHN,47.47,1
SKU0126,870899,CAN,Vehicle parts and accessories n.e.c.,3832,High,CHN,47.47,1
SKU0127,870899,CAN,Vehicle parts and accessories n.e.c.,3832,High,CHN,47.47,1
SKU0128,870899,CAN,Vehicle parts and accessories n.e.c.,3832,High,CHN,47.47,1
SKU0129,870899,CAN,Vehicle parts and accessories n.e.c.,3832,High,CHN,47.47,1
SKU0130,870899,CAN,Vehicle parts and accessories n.e.c.,3832,High,CHN,47.47,1
SKU0131,870899,CAN,Vehicle parts and accessories n.e.c.,3832,High,CHN,47.47,1
SKU0132,870899,CAN,Vehicle parts and accessories n.e.c.,3832,High,CHN,47.47,1
SKU0133,870899,CAN,Vehicle parts and accessories n.e.c.,3832,High,CHN,47.47,1
SKU0134,870899,CAN,Vehicle parts and accessories n.e.c.,3832,High,CHN,47.47,1
SKU0135,870899,CAN,Vehicle parts and accessories n.e.c.,3832,High,CHN,47.47,1
SKU0136,870899,CAN,Vehicle parts and accessories n.e.c.,3832,High,CHN,47.47,1
SKU0137,870899,CAN,Vehicle parts and accessories n.e.c.,3832,High,CHN,47.47,1
SKU0138,870899,CAN,Vehicle parts and accessories n.e.c.,3832,High,CHN,47.47,1
SKU0139,870899,CAN,Vehicle parts and accessories n.e.c.,3832,High,CHN,47.47,1
SKU0140,870899,CAN,Vehicle parts and accessories n.e.c.,3832,High,CHN,47.47,1
SKU0141,870899,CAN,Vehicle parts and accessories n.e.c.,3832,High,CHN,47.47,1
SKU0142,870899,CAN,Vehicle parts and accessories n.e.c.,3832,High,CHN,47.47,1
SKU0143,870899,CAN,Vehicle parts and accessories n.e.c.,3832,High,CHN,47.47,1
SKU0144,870899,CAN,Vehicle parts and accessories n.e.c.,3832,High,CHN,47.47,1
SKU0145,870899,CAN,Vehicle parts and accessories n.e.c.,3832,High,CHN,47.47,1
SKU0146,870899,CAN,Vehicle parts and accessories n.e.c.,3832,High,CHN,47.47,1
SKU0147,870899,CAN,Vehicle parts and accessories n.e.c.,3832,High,CHN,47.47,1
SKU0148,870899,CAN,Vehicle parts and accessories n.e.c.,3832,High,CHN,47.47,1
SKU0149,870899,CAN,Vehicle parts and accessories n.e.c.,3832,High,CHN,47.47,1
SKU0150,870899,CAN,Vehicle parts and accessories n.e.c.,3832,High,CHN,47.47,1
SKU0151,870899,CAN,Vehicle parts and accessories n.e.c.,3832,High,CHN,47.47,1
SKU0152,870899,CAN,Vehicle parts and accessories n.e.c.,3832,High,CHN,47.47,1
SKU0153,870899,CAN,Vehicle parts and accessories n.e.c.,3832,High,CHN,47.47,1
SKU0154,870899,CAN,Vehicle parts and accessories n.e.c.,3832,High,CHN,47.47,1
SKU0155,870899,CAN,Vehicle parts and accessories n.e.c.,3832,High,CHN,47.47,1
SKU0156,870899,CAN,Vehicle parts and accessories n.e.c.,3832,High,CHN,47.47,1
SKU0157,870899,CAN,Vehicle parts and accessories n.e.c.,3832,High,CHN,47.47,1
SKU0158,870899,CAN,Vehicle parts and accessories n.e.c.,3832,High,CHN,47.47,1
SKU0159,870899,CAN,Vehicle parts and accessories n.e.c.,3832,High,CHN,47.47,1
SKU0160,870899,CAN,Vehicle parts and accessories n.e.c.,3832,High,CHN,47.47,1
SKU0161,870899,CAN,Vehicle parts and accessories n.e.c.,3832,High,CHN,47.47,1
SKU0162,870899,CAN,Vehicle parts and accessories n.e.c.,3832,High,CHN,47.47,1
SKU0163,870899,CAN,Vehicle parts and accessories n.e.c.,3832,High,CHN,47.47,1
SKU0164,870899,CAN,Vehicle parts and accessories n.e.c.,3832,High,CHN,47.47,1
SKU0165,870899,CAN,Vehicle parts and accessories n.e.c.,3832,High,CHN,47.47,1
SKU0166,870899,CAN,Vehicle parts and accessories n.e.c.,3832,High,CHN,47.47,1
SKU0167,870899,CAN,Vehicle parts and accessories n.e.c.,3832,High,CHN,47.47,1
SKU0168,870899,CAN,Vehicle parts and accessories n.e.c.,3832,High,CHN,47.47,1
SKU0169,870899,CAN,Vehicle parts and accessories n.e.c.,3832,High,CHN,47.47,1
SKU0170,870899,CAN,Vehicle parts and accessories n.e.c.,3832,High,CHN,47.47,1
SKU0171,870899,CAN,Vehicle parts and accessories n.e.c.,3832,High,CHN,47.47,1
SKU0172,870899,CAN,Vehicle parts and accessories n.e.c.,3832,High,CHN,47.47,1
SKU0173,870899,CAN,Vehicle parts and accessories n.e.c.,3832,High,CHN,47.47,1
SKU0174,870899,CAN,Vehicle parts and accessories n.e.c.,3832,High,CHN,47.47,1
SKU0175,870899,CAN,Vehicle parts and accessories n.e.c.,3832,High,CHN,47.47,1
SKU0176,870899,CAN,Vehicle parts and accessories n.e.c.,3832,High,CHN,47.47,1
SKU0177,870899,CAN,Vehicle parts and accessories n.e.c.,3832,High,CHN,47.47,1
SKU0178,870899,CAN,Vehicle parts and accessories n.e.c.,3832,High,CHN,47.47,1
SKU0179,870899,CAN,Vehicle parts and accessories n.e.c.,3832,High,CHN,47.47,1
SKU0180,870899,CAN,Vehicle parts and accessories n.e.c.,3832,High,CHN,47.47,1
SKU0181,870899,CAN,Vehicle parts and accessories n.e.c.,3832,High,CHN,47.47,1
SKU0182,870899,CAN,Vehicle parts and accessories n.e.c.,3832,High,CHN,47.47,1
SKU0183,870899,CAN,Vehicle parts and accessories n.e.c.,3832,High,CHN,47.47,1
SKU0184,870899,CAN,Vehicle parts and accessories n.e.c.,3832,High,CHN,47.47,1
SKU0185,870899,CAN,Vehicle parts and accessories n.e.c.,3832,High,CHN,47.47,1
SKU0186,870899,CAN,Vehicle parts and accessories n.e.c.,3832,High,CHN,47.47,1
SKU0187,870899,CAN,Vehicle parts and accessories n.e.c.,3832,High,CHN,47.47,1
SKU0188,870899,CAN,Vehicle parts and accessories n.e.c.,3832,High,CHN,47.47,1
SKU0189,870899,CAN,Vehicle parts and accessories n.e.c.,3832,High,CHN,47.47,1
SKU0190,870899,CAN,Vehicle parts and accessories n.e.c.,3832,High,CHN,47.47,1
SKU0191,870899,CAN,Vehicle parts and accessories n.e.c.,3832,High,CHN,47.47,1
SKU0192,870899,CAN,Vehicle parts and accessories n.e.c.,3832,High,CHN,47.47,1
SKU0193,870899,CAN,Vehicle parts and accessories n.e.c.,3832,High,CHN,47.47,1
SKU0194,870899,CAN,Vehicle parts and accessories n.e.c.,3832,High,CHN,47.47,1
SKU0195,870899,CAN,Vehicle parts and accessories n.e.c.,3832,High,CHN,47.47,1
SKU0196,870899,CAN,Vehicle parts and accessories n.e.c.,3832,High,CHN,47.47,1
SKU0197,870899,CAN,Vehicle parts and accessories n.e.c.,3832,High,CHN,47.47,1
SKU0198,870899,CAN,Vehicle parts and accessories n.e.c.,3832,High,CHN,47.47,1
SKU0199,870899,CAN,Vehicle parts and accessories n.e.c.,3832,High,CHN,47.47,1
SKU0200,870899,CAN,Vehicle parts and accessories n.e.c.,3832,High,CHN,47.47,1
SKU0201,870899,CAN,Vehicle parts and accessories n.e.c.,3832,High,CHN,47.47,1
SKU0202,870899,CAN,Vehicle parts and accessories n.e.c.,3832,High,CHN,47.47,1
SKU0203,870899,CAN,Vehicle parts and accessories n.e.c.,3832,High,CHN,47.47,1
SKU0204,870899,CAN,Vehicle parts and accessories n.e.c.,3832,High,CHN,47.47,1
SKU0205,870899,CAN,Vehicle parts and accessories n.e.c.,3832,High,CHN,47.47,1
SKU0206,870899,CAN,Vehicle parts and accessories n.e.c.,3832,High,CHN,47.47,1
SKU0207,870899,CAN,Vehicle parts and accessories n.e.c.,3832,High,CHN,47.47,1
SKU0208,870899,CAN,Vehicle parts and accessories n.e.c.,3832,High,CHN,47.47,1
SKU0209,870899,CAN,Vehicle parts and accessories n.e.c.,3832,High,CHN,47.47,1
SKU0210,870899,CAN,Vehicle parts and accessories n.e.c.,3832,High,CHN,47.47,1
SKU0211,870899,CAN,Vehicle parts and accessories n.e.c.,3832,High,CHN,47.47,1
SKU0212,870899,CAN,Vehicle parts and accessories n.e.c.,3832,High,CHN,47.47,1
SKU0213,870899,CAN,Vehicle parts and accessories n.e.c.,3832,High,CHN,47.47,1
SKU0214,870899,CAN,Vehicle parts and accessories n.e.c.,3832,High,CHN,47.47,1
SKU0215,870899,CAN,Vehicle parts and accessories n.e.c.,3832,High,CHN,47.47,1
SKU0216,870899,CAN,Vehicle parts and accessories n.e.c.,3832,High,CHN,47.47,1
SKU0217,870899,CAN,Vehicle parts and accessories n.e.c.,3832,High,CHN,47.47,1
SKU0218,870899,CAN,Vehicle parts and accessories n.e.c.,3832,High,CHN,47.47,1
SKU0219,870899,CAN,Vehicle parts and accessories n.e.c.,3832,High,CHN,47.47,1
SKU0220,870899,CAN,Vehicle parts and accessories n.e.c.,3832,High,CHN,47.47,1
SKU0221,870899,CAN,Vehicle parts and accessories n.e.c.,3832,High,CHN,47.47,1
SKU0222,870899,CAN,Vehicle parts and accessories n.e.c.,3832,High,CHN,47.47,1
SKU0223,870899,CAN,Vehicle parts and accessories n.e.c.,3832,High,CHN,47.47,1
SKU0224,870899,CAN,Vehicle parts and accessories n.e.c.,3832,High,CHN,47.47,1
SKU0225,870899,CAN,Vehicle parts and accessories n.e.c.,3832,High,CHN,47.47,1
SKU0226,870899,CAN,Vehicle parts and accessories n.e.c.,3832,High,CHN,47.47,1
SKU0227,870899,CAN,Vehicle parts and accessories n.e.c.,3832,High,CHN,47.47,1
SKU0228,870899,CAN,Vehicle parts and accessories n.e.c.,3832,High,CHN,47.47,1
SKU0229,870899,CAN,Vehicle parts and accessories n.e.c.,3832,High,CHN,47.47,1
SKU0230,870899,CAN,Vehicle parts and accessories n.e.c.,3832,High,CHN,47.47,1
SKU0231,870899,CAN,Vehicle parts and accessories n.e.c.,3832,High,CHN,47.47,1
SKU0232,870899,CAN,Vehicle parts and accessories n.e.c.,3832,High,CHN,47.47,1
SKU0233,870899,CAN,Vehicle parts and accessories n.e.c.,3832,High,CHN,47.47,1
SKU0234,870899,CAN,Vehicle parts and accessories n.e.c.,3832,High,CHN,47.47,1
SKU0235,870899,CAN,Vehicle parts and accessories n.e.c.,3832,High,CHN,47.47,1
SKU0236,870899,CAN,Vehicle parts and accessories n.e.c.,3832,High,CHN,47.47,1
SKU0237,870899,CAN,Vehicle parts and accessories n.e.c.,3832,High,CHN,47.47,1
SKU0238,870899,CAN,Vehicle parts and accessories n.e.c.,3832,High,CHN,47.47,1
SKU0239,870899,CAN,Vehicle parts and accessories n.e.c.,3832,High,CHN,47.47,1
SKU0240,870899,CAN,Vehicle parts and accessories n.e.c.,3832,High,CHN,47.47,1
SKU0241,870899,CAN,Vehicle parts and accessories n.e.c.,3832,High,CHN,47.47,1
SKU0242,870899,CAN,Vehicle parts and accessories n.e.c.,3832,High,CHN,47.47,1
SKU0243,870899,CAN,Vehicle parts and accessories n.e.c.,3832,High,CHN,47.47,1
SKU0244,870899,CAN,Vehicle parts and accessories n.e.c.,3832,High,CHN,47.47,1
SKU0245,870899,CAN,Vehicle parts and accessories n.e.c.,3832,High,CHN,47.47,1
SKU0246,870899,CAN,Vehicle parts and accessories n.e.c.,3832,High,CHN,47.47,1
SKU0247,870899,CAN,Vehicle parts and accessories n.e.c.,3832,High,CHN,47.47,1
SKU0248,870899,CAN,Vehicle parts and accessories n.e.c.,3832,High,CHN,47.47,1
SKU0249,870899,CAN,Vehicle parts and accessories n.e.c.,3832,High,CHN,47.47,1
SKU0250,870899,CAN,Vehicle parts and accessories n.e.c.,3832,High,CHN,47.47,1
SKU0251,870899,CAN,Vehicle parts and accessories n.e.c.,3832,High,CHN,47.47,1
SKU0252,870899,CAN,Vehicle parts and accessories n.e.c.,3832,High,CHN,47.47,1
SKU0253,870899,CAN,Vehicle parts and accessories n.e.c.,3832,High,CHN,47.47,1
SKU0254,870899,CAN,Vehicle parts and accessories n.e.c.,3832,High,CHN,47.47,1
SKU0255,870899,CAN,Vehicle parts and accessories n.e.c.,3832,High,CHN,47.47,1
SKU0256,870899,CAN,Vehicle parts and accessories n.e.c.,3832,High,CHN,47.47,1
SKU0257,870899,CAN,Vehicle parts and accessories n.e.c.,3832,High,CHN,47.47,1
SKU0258,870899,CAN,Vehicle parts and accessories n.e.c.,3832,High,CHN,47.47,1
SKU0259,870899,CAN,Vehicle parts and accessories n.e.c.,3832,High,CHN,47.47,1
SKU0260,870899,CAN,Vehicle parts and accessories n.e.c.,3832,High,CHN,47.47,1
SKU0261,870899,CAN,Vehicle parts and accessories n.e.c.,3832,High,CHN,47.47,1
SKU0262,870899,CAN,Vehicle parts and accessories n.e.c.,3832,High,CHN,47.47,1
SKU0263,870899,CAN,Vehicle parts and accessories n.e.c.,3832,High,CHN,47.47,1
SKU0264,870899,CAN,Vehicle parts and accessories n.e.c.,3832,High,CHN,47.47,1
SKU0265,870899,CAN,Vehicle parts and accessories n.e.c.,3832,High,CHN,47.47,1
SKU0266,870899,CAN,Vehicle parts and accessories n.e.c.,3832,High,CHN,47.47,1
SKU0267,870899,CAN,Vehicle parts and accessories n.e.c.,3832,High,CHN,47.47,1
SKU0268,870899,CAN,Vehicle parts and accessories n.e.c.,3832,High,CHN,47.47,1
SKU0269,870899,CAN,Vehicle parts and accessories n.e.c.,3832,High,CHN,47.47,1
SKU0270,870899,CAN,Vehicle parts and accessories n.e.c.,3832,High,CHN,47.47,1
SKU0271,870899,CAN,Vehicle parts and accessories n.e.c.,3832,High,CHN,47.47,1
SKU0272,870899,CAN,Vehicle parts and accessories n.e.c.,3832,High,CHN,47.47,1
SKU0273,870899,CAN,Vehicle parts and accessories n.e.c.,3832,High,CHN,47.47,1
SKU0274,870899,CAN,Vehicle parts and accessories n.e.c.,3832,High,CHN,47.47,1
SKU0275,870899,CAN,Vehicle parts and accessories n.e.c.,3832,High,CHN,47.47,1
SKU0276,870899,CAN,Vehicle parts and accessories n.e.c.,3832,High,CHN,47.47,1
SKU0277,870899,CAN,Vehicle parts and accessories n.e.c.,3832,High,CHN,47.47,1
SKU0278,870899,CAN,Vehicle parts and accessories n.e.c.,3832,High,CHN,47.47,1
SKU0279,870899,CAN,Vehicle parts and accessories n.e.c.,3832,High,CHN,47.47,1
SKU0280,870899,CAN,Vehicle parts and accessories n.e.c.,3832,High,CHN,47.47,1
SKU0281,870899,CAN,Vehicle parts and accessories n.e.c.,3832,High,CHN,47.47,1
SKU0282,870899,CAN,Vehicle parts and accessories n.e.c.,3832,High,CHN,47.47,1
SKU0283,870899,CAN,Vehicle parts and accessories n.e.c.,3832,High,CHN,47.47,1
SKU0284,870899,CAN,Vehicle parts and accessories n.e.c.,3832,High,CHN,47.47,1
SKU0285,870899,CAN,Vehicle parts and accessories n.e.c.,3832,High,CHN,47.47,1
SKU0286,870899,CAN,Vehicle parts and accessories n.e.c.,3832,High,CHN,47.47,1
SKU0287,870899,CAN,Vehicle parts and accessories n.e.c.,3832,High,CHN,47.47,1
SKU0288,870899,CAN,Vehicle parts and accessories n.e.c.,3832,High,CHN,47.47,1
SKU0289,870899,CAN,Vehicle parts and accessories n.e.c.,3832,High,CHN,47.47,1
SKU0290,870899,CAN,Vehicle parts and accessories n.e.c.,3832,High,CHN,47.47,1
SKU0291,870899,CAN,Vehicle parts and accessories n.e.c.,3832,High,CHN,47.47,1
SKU0292,870899,CAN,Vehicle parts and accessories n.e.c.,3832,High,CHN,47.47,1
SKU0293,870899,CAN,Vehicle parts and accessories n.e.c.,3832,High,CHN,47.47,1
SKU0294,870899,CAN,Vehicle parts and accessories n.e.c.,3832,High,CHN,47.47,1
SKU0295,870899,CAN,Vehicle parts and accessories n.e.c.,3832,High,CHN,47.47,1
SKU0296,870899,CAN,Vehicle parts and accessories n.e.c.,3832,High,CHN,47.47,1
SKU0297,870899,CAN,Vehicle parts and accessories n.e.c.,3832,High,CHN,47.47,1
SKU0298,870899,CAN,Vehicle parts and accessories n.e.c.,3832,High,CHN,47.47,1
SKU0299,870899,CAN,Vehicle parts and accessories n.e.c.,3832,High,CHN,47.47,1
SKU0300,870899,CAN,Vehicle parts and accessories n.e.c.,3832,High,CHN,47.47,1
SKU0301,870899,CAN,Vehicle parts and accessories n.e.c.,3832,High,CHN,47.47,1
SKU0302,870899,CAN,Vehicle parts and accessories n.e.c.,3832,High,CHN,47.47,1
SKU0303,870899,CAN,Vehicle parts and accessories n.e.c.,3832,High,CHN,47.47,1
SKU0304,870899,CAN,Vehicle parts and accessories n.e.c.,3832,High,CHN,47.47,1
SKU0305,870899,CAN,Vehicle parts and accessories n.e.c.,3832,High,CHN,47.47,1
SKU0306,870899,CAN,Vehicle parts and accessories n.e.c.,3832,High,CHN,47.47,1
SKU0307,870899,CAN,Vehicle parts and accessories n.e.c.,3832,High,CHN,47.47,1
SKU0308,870899,CAN,Vehicle parts and accessories n.e.c.,3832,High,CHN,47.47,1
SKU0309,870899,CAN,Vehicle parts and accessories n.e.c.,3832,High,CHN,47.47,1
SKU0310,870899,CAN,Vehicle parts and accessories n.e.c.,3832,High,CHN,47.47,1
SKU0311,870899,CAN,Vehicle parts and accessories n.e.c.,3832,High,CHN,47.47,1
SKU0312,870899,CAN,Vehicle parts and accessories n.e.c.,3832,High,CHN,47.47,1
SKU0313,870899,CAN,Vehicle parts and accessories n.e.c.,3832,High,CHN,47.47,1
SKU0314,870899,CAN,Vehicle parts and accessories n.e.c.,3832,High,CHN,47.47,1
SKU0315,870899,CAN,Vehicle parts and accessories n.e.c.,3832,High,CHN,47.47,1
SKU0316,870899,CAN,Vehicle parts and accessories n.e.c.,3832,High,CHN,47.47,1
SKU0317,870899,CAN,Vehicle parts and accessories n.e.c.,3832,High,CHN,47.47,1
SKU0318,870899,CAN,Vehicle parts and accessories n.e.c.,3832,High,CHN,47.47,1
SKU0319,870899,CAN,Vehicle parts and accessories n.e.c.,3832,High,CHN,47.47,1
SKU0320,870899,CAN,Vehicle parts and accessories n.e.c.,3832,High,CHN,47.47,1
SKU0321,870899,CAN,Vehicle parts and accessories n.e.c.,3832,High,CHN,47.47,1
SKU0322,870899,CAN,Vehicle parts and accessories n.e.c.,3832,High,CHN,47.47,1
SKU0323,870899,CAN,Vehicle parts and accessories n.e.c.,3832,High,CHN,47.47,1
SKU0324,870899,CAN,Vehicle parts and accessories n.e.c.,3832,High,CHN,47.47,1
SKU0325,870899,CAN,Vehicle parts and accessories n.e.c.,3832,High,CHN,47.47,1
SKU0326,870899,CAN,Vehicle parts and accessories n.e.c.,3832,High,CHN,47.47,1
SKU0327,870899,CAN,Vehicle parts and accessories n.e.c.,3832,High,CHN,47.47,1
SKU0328,870899,CAN,Vehicle parts and accessories n.e.c.,3832,High,CHN,47.47,1
SKU0329,870899,CAN,Vehicle parts and accessories n.e.c.,3832,High,CHN,47.47,1
SKU0330,870899,CAN,Vehicle parts and accessories n.e.c.,3832,High,CHN,47.47,1
SKU0331,870899,CAN,Vehicle parts and accessories n.e.c.,3832,High,CHN,47.47,1
SKU0332,870899,CAN,Vehicle parts and accessories n.e.c.,3832,High,CHN,47.47,1
SKU0333,870899,CAN,Vehicle parts and accessories n.e.c.,3832,High,CHN,47.47,1
SKU0334,870899,CAN,Vehicle parts and accessories n.e.c.,3832,High,CHN,47.47,1
SKU0335,870899,CAN,Vehicle parts and accessories n.e.c.,3832,High,CHN,47.47,1
SKU0336,870899,CAN,Vehicle parts and accessories n.e.c.,3832,High,CHN,47.47,1
SKU0337,870899,CAN,Vehicle parts and accessories n.e.c.,3832,High,CHN,47.47,1
SKU0338,870899,CAN,Vehicle parts and accessories n.e.c.,3832,High,CHN,47.47,1
SKU0339,870899,CAN,Vehicle parts and accessories n.e.c.,3832,High,CHN,47.47,1
SKU0340,870899,CAN,Vehicle parts and accessories n.e.c.,3832,High,CHN,47.47,1
SKU0341,870899,CAN,Vehicle parts and accessories n.e.c.,3832,High,CHN,47.47,1
SKU0342,870899,CAN,Vehicle parts and accessories n.e.c.,3832,High,CHN,47.47,1
SKU0343,870899,CAN,Vehicle parts and accessories n.e.c.,3832,High,CHN,47.47,1
SKU0344,870899,CAN,Vehicle parts and accessories n.e.c.,3832,High,CHN,47.47,1
SKU0345,870899,CAN,Vehicle parts and accessories n.e.c.,3832,High,CHN,47.47,1
SKU0346,870899,CAN,Vehicle parts and accessories n.e.c.,3832,High,CHN,47.47,1
SKU0347,870899,CAN,Vehicle parts and accessories n.e.c.,3832,High,CHN,47.47,1
SKU0348,870899,CAN,Vehicle parts and accessories n.e.c.,3832,High,CHN,47.47,1
SKU0349,870899,CAN,Vehicle parts and accessories n.e.c.,3832,High,CHN,47.47,1
SKU0350,870899,CAN,Vehicle parts and accessories n.e.c.,3832,High,CHN,47.47,1
SKU0351,870899,CAN,Vehicle parts and accessories n.e.c.,3832,High,CHN,47.47,1
SKU0352,870899,CAN,Vehicle parts and accessories n.e.c.,3832,High,CHN,47.47,1
SKU0353,870899,CAN,Vehicle parts and accessories n.e.c.,3832,High,CHN,47.47,1
SKU0354,870899,CAN,Vehicle parts and accessories n.e.c.,3832,High,CHN,47.47,1
SKU0355,870899,CAN,Vehicle parts and accessories n.e.c.,3832,High,CHN,47.47,1
SKU0356,870899,CAN,Vehicle parts and accessories n.e.c.,3832,High,CHN,47.47,1
SKU0357,870899,CAN,Vehicle parts and accessories n.e.c.,3832,High,CHN,47.47,1
SKU0358,870899,CAN,Vehicle parts and accessories n.e.c.,3832,High,CHN,47.47,1
SKU0359,870899,CAN,Vehicle parts and accessories n.e.c.,3832,High,CHN,47.47,1
SKU0360,870899,CAN,Vehicle parts and accessories n.e.c.,3832,High,CHN,47.47,1
SKU0361,870899,CAN,Vehicle parts and accessories n.e.c.,3832,High,CHN,47.47,1
SKU0362,870899,CAN,Vehicle parts and accessories n.e.c.,3832,High,CHN,47.47,1
SKU0363,870899,CAN,Vehicle parts and accessories n.e.c.,3832,High,CHN,47.47,1
SKU0364,870899,CAN,Vehicle parts and accessories n.e.c.,3832,High,CHN,47.47,1
SKU0365,870899,CAN,Vehicle parts and accessories n.e.c.,3832,High,CHN,47.47,1
SKU0366,870899,CAN,Vehicle parts and accessories n.e.c.,3832,High,CHN,47.47,1
SKU0367,870899,CAN,Vehicle parts and accessories n.e.c.,3832,High,CHN,47.47,1
SKU0368,870899,CAN,Vehicle parts and accessories n.e.c.,3832,High,CHN,47.47,1
SKU0369,870899,CAN,Vehicle parts and accessories n.e.c.,3832,High,CHN,47.47,1
SKU0370,870899,CAN,Vehicle parts and accessories n.e.c.,3832,High,CHN,47.47,1
SKU0371,870899,CAN,Vehicle parts and accessories n.e.c.,3832,High,CHN,47.47,1
SKU0372,870899,CAN,Vehicle parts and accessories n.e.c.,3832,High,CHN,47.47,1
SKU0373,870899,CAN,Vehicle parts and accessories n.e.c.,3832,High,CHN,47.47,1
SKU0374,870899,CAN,Vehicle parts and accessories n.e.c.,3832,High,CHN,47.47,1
SKU0375,870899,CAN,Vehicle parts and accessories n.e.c.,3832,High,CHN,47.47,1
SKU0376,870899,CAN,Vehicle parts and accessories n.e.c.,3832,High,CHN,47.47,1
SKU0377,870899,CAN,Vehicle parts and accessories n.e.c.,3832,High,CHN,47.47,1
SKU0378,870899,CAN,Vehicle parts and accessories n.e.c.,3832,High,CHN,47.47,1
SKU0379,870899,CAN,Vehicle parts and accessories n.e.c.,3832,High,CHN,47.47,1
SKU0380,870899,CAN,Vehicle parts and accessories n.e.c.,3832,High,CHN,47.47,1
SKU0381,870899,CAN,Vehicle parts and accessories n.e.c.,3832,High,CHN,47.47,1
SKU0382,870899,CAN,Vehicle parts and accessories n.e.c.,3832,High,CHN,47.47,1
SKU0383,870899,CAN,Vehicle parts and accessories n.e.c.,3832,High,CHN,47.47,1
SKU0384,870899,CAN,Vehicle parts and accessories n.e.c.,3832,High,CHN,47.47,1
SKU0385,870899,CAN,Vehicle parts and accessories n.e.c.,3832,High,CHN,47.47,1
SKU0386,870899,CAN,Vehicle parts and accessories n.e.c.,3832,High,CHN,47.47,1
SKU0387,870899,CAN,Vehicle parts and accessories n.e.c.,3832,High,CHN,47.47,1
SKU0388,870899,CAN,Vehicle parts and accessories n.e.c.,3832,High,CHN,47.47,1
SKU0389,870899,CAN,Vehicle parts and accessories n.e.c.,3832,High,CHN,47.47,1
SKU0390,870899,CAN,Vehicle parts and accessories n.e.c.,3832,High,CHN,47.47,1
SKU0391,870899,CAN,Vehicle parts and accessories n.e.c.,3832,High,CHN,47.47,1
SKU0392,870899,CAN,Vehicle parts and accessories n.e.c.,3832,High,CHN,47.47,1
SKU0393,870899,CAN,Vehicle parts and accessories n.e.c.,3832,High,CHN,47.47,1
SKU0394,870899,CAN,Vehicle parts and accessories n.e.c.,3832,High,CHN,47.47,1
SKU0395,870899,CAN,Vehicle parts and accessories n.e.c.,3832,High,CHN,47.47,1
SKU0396,870899,CAN,Vehicle parts and accessories n.e.c.,3832,High,CHN,47.47,1
SKU0397,870899,CAN,Vehicle parts and accessories n.e.c.,3832,High,CHN,47.47,1
SKU0398,870899,CAN,Vehicle parts and accessories n.e.c.,3832,High,CHN,47.47,1
SKU0399,870899,CAN,Vehicle parts and accessories n.e.c.,3832,High,CHN,47.47,1
SKU0400,870899,CAN,Vehicle parts and accessories n.e.c.,3832,High,CHN,47.47,1
SKU0401,870899,CAN,Vehicle parts and accessories n.e.c.,3832,High,CHN,47.47,1
SKU0402,870899,CAN,Vehicle parts and accessories n.e.c.,3832,High,CHN,47.47,1
SKU0403,870899,CAN,Vehicle parts and accessories n.e.c.,3832,High,CHN,47.47,1
SKU0404,870899,CAN,Vehicle parts and accessories n.e.c.,3832,High,CHN,47.47,1
SKU0405,870899,CAN,Vehicle parts and accessories n.e.c.,3832,High,CHN,47.47,1
SKU0406,870899,CAN,Vehicle parts and accessories n.e.c.,3832,High,CHN,47.47,1
SKU0407,870899,CAN,Vehicle parts and accessories n.e.c.,3832,High,CHN,47.47,1
SKU0408,870899,CAN,Vehicle parts and accessories n.e.c.,3832,High,CHN,47.47,1
SKU0409,870899,CAN,Vehicle parts and accessories n.e.c.,3832,High,CHN,47.47,1
SKU0410,870899,CAN,Vehicle parts and accessories n.e.c.,3832,High,CHN,47.47,1
SKU0411,870899,CAN,Vehicle parts and accessories n.e.c.,3832,High,CHN,47.47,1
SKU0412,870899,CAN,Vehicle parts and accessories n.e.c.,3832,High,CHN,47.47,1
SKU0413,870899,CAN,Vehicle parts and accessories n.e.c.,3832,High,CHN,47.47,1
SKU0414,870899,CAN,Vehicle parts and accessories n.e.c.,3832,High,CHN,47.47,1
SKU0415,870899,CAN,Vehicle parts and accessories n.e.c.,3832,High,CHN,47.47,1
SKU0416,870899,CAN,Vehicle parts and accessories n.e.c.,3832,High,CHN,47.47,1
SKU0417,870899,CAN,Vehicle parts and accessories n.e.c.,3832,High,CHN,47.47,1
SKU0418,870899,CAN,Vehicle parts and accessories n.e.c.,3832,High,CHN,47.47,1
SKU0419,870899,CAN,Vehicle parts and accessories n.e.c.,3832,High,CHN,47.47,1
SKU0420,870899,CAN,Vehicle parts and accessories n.e.c.,3832,High,CHN,47.47,1
SKU0421,870899,CAN,Vehicle parts and accessories n.e.c.,3832,High,CHN,47.47,1
SKU0422,870899,CAN,Vehicle parts and accessories n.e.c.,3832,High,CHN,47.47,1
SKU0423,870899,CAN,Vehicle parts and accessories n.e.c.,3832,High,CHN,47.47,1
SKU0424,870899,CAN,Vehicle parts and accessories n.e.c.,3832,High,CHN,47.47,1
SKU0425,870899,CAN,Vehicle parts and accessories n.e.c.,3832,High,CHN,47.47,1
SKU0426,870899,CAN,Vehicle parts and accessories n.e.c.,3832,High,CHN,47.47,1
SKU0427,870899,CAN,Vehicle parts and accessories n.e.c.,3832,High,CHN,47.47,1
SKU0428,870899,CAN,Vehicle parts and accessories n.e.c.,3832,High,CHN,47.47,1
SKU0429,870899,CAN,Vehicle parts and accessories n.e.c.,3832,High,CHN,47.47,1
SKU0430,870899,CAN,Vehicle parts and accessories n.e.c.,3832,High,CHN,47.47,1
SKU0431,870899,CAN,Vehicle parts and accessories n.e.c.,3832,High,CHN,47.47,1
SKU0432,870899,CAN,Vehicle parts and accessories n.e.c.,3832,High,CHN,47.47,1
SKU0433,870899,CAN,Vehicle parts and accessories n.e.c.,3832,High,CHN,47.47,1
SKU0434,870899,CAN,Vehicle parts and accessories n.e.c.,3832,High,CHN,47.47,1
SKU0435,870899,CAN,Vehicle parts and accessories n.e.c.,3832,High,CHN,47.47,1
SKU0436,870899,CAN,Vehicle parts and accessories n.e.c.,3832,High,CHN,47.47,1
SKU0437,870899,CAN,Vehicle parts and accessories n.e.c.,3832,High,CHN,47.47,1
SKU0438,870899,CAN,Vehicle parts and accessories n.e.c.,3832,High,CHN,47.47,1
SKU0439,870899,CAN,Vehicle parts and accessories n.e.c.,3832,High,CHN,47.47,1
SKU0440,870899,CAN,Vehicle parts and accessories n.e.c.,3832,High,CHN,47.47,1
SKU0441,870899,CAN,Vehicle parts and accessories n.e.c.,3832,High,CHN,47.47,1
SKU0442,870899,CAN,Vehicle parts and accessories n.e.c.,3832,High,CHN,47.47,1
SKU0443,870899,CAN,Vehicle parts and accessories n.e.c.,3832,High,CHN,47.47,1
SKU0444,870899,CAN,Vehicle parts and accessories n.e.c.,3832,High,CHN,47.47,1
SKU0445,870899,CAN,Vehicle parts and accessories n.e.c.,3832,High,CHN,47.47,1
SKU0446,870899,CAN,Vehicle parts and accessories n.e.c.,3832,High,CHN,47.47,1
SKU0447,870899,CAN,Vehicle parts and accessories n.e.c.,3832,High,CHN,47.47,1
SKU0448,870899,CAN,Vehicle parts and accessories n.e.c.,3832,High,CHN,47.47,1
SKU0449,870899,CAN,Vehicle parts and accessories n.e.c.,3832,High,CHN,47.47,1
SKU0450,870899,CAN,Vehicle parts and accessories n.e.c.,3832,High,CHN,47.47,1
SKU0451,870899,CAN,Vehicle parts and accessories n.e.c.,3832,High,CHN,47.47,1
SKU0452,870899,CAN,Vehicle parts and accessories n.e.c.,3832,High,CHN,47.47,1
SKU0453,870899,CAN,Vehicle parts and accessories n.e.c.,3832,High,CHN,47.47,1
SKU0454,870899,CAN,Vehicle parts and accessories n.e.c.,3832,High,CHN,47.47,1
SKU0455,870899,CAN,Vehicle parts and accessories n.e.c.,3832,High,CHN,47.47,1
SKU0456,870899,CAN,Vehicle parts and accessories n.e.c.,3832,High,CHN,47.47,1
SKU0457,870899,CAN,Vehicle parts and accessories n.e.c.,3832,High,CHN,47.47,1
SKU0458,870899,CAN,Vehicle parts and accessories n.e.c.,3832,High,CHN,47.47,1
SKU0459,870899,CAN,Vehicle parts and accessories n.e.c.,3832,High,CHN,47.47,1
SKU0460,870899,CAN,Vehicle parts and accessories n.e.c.,3832,High,CHN,47.47,1
SKU0461,870899,CAN,Vehicle parts and accessories n.e.c.,3832,High,CHN,47.47,1
SKU0462,870899,CAN,Vehicle parts and accessories n.e.c.,3832,High,CHN,47.47,1
SKU0463,870899,CAN,Vehicle parts and accessories n.e.c.,3832,High,CHN,47.47,1
SKU0464,870899,CAN,Vehicle parts and accessories n.e.c.,3832,High,CHN,47.47,1
SKU0465,870899,CAN,Vehicle parts and accessories n.e.c.,3832,High,CHN,47.47,1
SKU0466,870899,CAN,Vehicle parts and accessories n.e.c.,3832,High,CHN,47.47,1
SKU0467,870899,CAN,Vehicle parts and accessories n.e.c.,3832,High,CHN,47.47,1
SKU0468,870899,CAN,Vehicle parts and accessories n.e.c.,3832,High,CHN,47.47,1
SKU0469,870899,CAN,Vehicle parts and accessories n.e.c.,3832,High,CHN,47.47,1
SKU0470,870899,CAN,Vehicle parts and accessories n.e.c.,3832,High,CHN,47.47,1
SKU0471,870899,CAN,Vehicle parts and accessories n.e.c.,3832,High,CHN,47.47,1
SKU0472,870899,CAN,Vehicle parts and accessories n.e.c.,3832,High,CHN,47.47,1
SKU0473,870899,CAN,Vehicle parts and accessories n.e.c.,3832,High,CHN,47.47,1
SKU0474,870899,CAN,Vehicle parts and accessories n.e.c.,3832,High,CHN,47.47,1
SKU0475,870899,CAN,Vehicle parts and accessories n.e.c.,3832,High,CHN,47.47,1
SKU0476,870899,CAN,Vehicle parts and accessories n.e.c.,3832,High,CHN,47.47,1
SKU0477,870899,CAN,Vehicle parts and accessories n.e.c.,3832,High,CHN,47.47,1
SKU0478,870899,CAN,Vehicle parts and accessories n.e.c.,3832,High,CHN,47.47,1
SKU0479,870899,CAN,Vehicle parts and accessories n.e.c.,3832,High,CHN,47.47,1
SKU0480,870899,CAN,Vehicle parts and accessories n.e.c.,3832,High,CHN,47.47,1
SKU0481,870899,CAN,Vehicle parts and accessories n.e.c.,3832,High,CHN,47.47,1
SKU0482,870899,CAN,Vehicle parts and accessories n.e.c.,3832,High,CHN,47.47,1
SKU0483,870899,CAN,Vehicle parts and accessories n.e.c.,3832,High,CHN,47.47,1
SKU0484,870899,CAN,Vehicle parts and accessories n.e.c.,3832,High,CHN,47.47,1
SKU0485,870899,CAN,Vehicle parts and accessories n.e.c.,3832,High,CHN,47.47,1
SKU0486,870899,CAN,Vehicle parts and accessories n.e.c.,3832,High,CHN,47.47,1
SKU0487,870899,CAN,Vehicle parts and accessories n.e.c.,3832,High,CHN,47.47,1
SKU0488,870899,CAN,Vehicle parts and accessories n.e.c.,3832,High,CHN,47.47,1
SKU0489,870899,CAN,Vehicle parts and accessories n.e.c.,3832,High,CHN,47.47,1
SKU0490,870899,CAN,Vehicle parts and accessories n.e.c.,3832,High,CHN,47.47,1
SKU0491,870899,CAN,Vehicle parts and accessories n.e.c.,3832,High,CHN,47.47,1
SKU0492,870899,CAN,Vehicle parts and accessories n.e.c.,3832,High,CHN,47.47,1
SKU0493,870899,CAN,Vehicle parts and accessories n.e.c.,3832,High,CHN,47.47,1
SKU0494,870899,CAN,Vehicle parts and accessories n.e.c.,3832,High,CHN,47.47,1
SKU0495,870899,CAN,Vehicle parts and accessories n.e.c.,3832,High,CHN,47.47,1
SKU0496,870899,CAN,Vehicle parts and accessories n.e.c.,3832,High,CHN,47.47,1
SKU0497,870899,CAN,Vehicle parts and accessories n.e.c.,3832,High,CHN,47.47,1
SKU0498,870899,CAN,Vehicle parts and accessories n.e.c.,3832,High,CHN,47.47,1
SKU0499,870899,CAN,Vehicle parts and accessories n.e.c.,3832,High,CHN,47.47,1
